Link: https://www.nytimes.com/2018/02/12/health/truvada-hiv-insurance.html
Facebook Interactions,Facebook Reactions,Facebook Shares,Facebook Comments
12384,8712,2123,1549,,

Source,Followers,Date,Interactions,Post Type,Link
The New York Times,15287756,Mon Feb 12 2018 18:55:00 GMT+0100 (CET),1720,Facebook,https://www.facebook.com/nytimes/posts/10151483276044999
The New York Times,41108039,Mon Feb 12 2018 17:15:16 GMT+0100 (CET),827,Twitter,https://twitter.com/nytimes/status/963084097248735232
ProPublica,377530,Wed Feb 14 2018 15:13:19 GMT+0100 (CET),450,Facebook,https://www.facebook.com/propublica/posts/10156223617909445
HuffPost Queer Voices,428448,Sat Feb 17 2018 22:30:02 GMT+0100 (CET),383,Facebook,https://www.facebook.com/HuffPostQueerVoices/posts/1786262641432168
The New York Times - Science,1071472,Tue Feb 13 2018 03:00:00 GMT+0100 (CET),200,Facebook,https://www.facebook.com/nytimesscience/posts/1758863327527019
Human Rights Campaign,822148,Tue Feb 20 2018 00:00:00 GMT+0100 (CET),178,Twitter,https://twitter.com/HRC/status/965722668099018752
社團法人台灣伴侶權益推動聯盟,75285,Sat Apr 07 2018 14:53:05 GMT+0200 (CEST),166,Facebook,https://www.facebook.com/tapcpr/posts/10155299275995965
Infectious Diseases Society of America,28124,Tue Feb 13 2018 17:10:16 GMT+0100 (CET),142,Facebook,https://www.facebook.com/IDSociety/posts/2096626010353649
Human Rights Campaign,821805,Thu Feb 15 2018 15:30:01 GMT+0100 (CET),103,Twitter,https://twitter.com/HRC/status/964144773316489217
huffpostqueer,312388,Sat Feb 17 2018 22:30:06 GMT+0100 (CET),103,Twitter,https://twitter.com/huffpostqueer/status/964975265591037952
Voters For Equality,515368,Sat Feb 17 2018 21:00:00 GMT+0100 (CET),100,Facebook,https://www.facebook.com/Voters4Equality/posts/1615913251827221
Here TV,82940,Tue Feb 13 2018 01:45:55 GMT+0100 (CET),90,Facebook,https://www.facebook.com/HereTV/posts/2097640730276580
Boycott Hate Speech Media,152819,Tue Feb 13 2018 04:42:29 GMT+0100 (CET),85,Facebook,https://www.facebook.com/253645602134/posts/10155323878307135
RiseUpToHIV,26954,Tue Feb 13 2018 21:00:00 GMT+0100 (CET),77,Facebook,https://www.facebook.com/RiseUpToHIV/posts/1735850359809098
NYT Science,1156355,Tue Feb 13 2018 03:51:07 GMT+0100 (CET),76,Twitter,https://twitter.com/NYTScience/status/963244112198725632
ACT UP New York,9451,Mon Feb 12 2018 20:58:17 GMT+0100 (CET),75,Facebook,https://www.facebook.com/actupny/posts/1759491174132274
GLBTQ Legal Advocates & Defenders - GLAD,45378,Mon Feb 12 2018 23:25:36 GMT+0100 (CET),75,Facebook,https://www.facebook.com/GLADFans/posts/10157168973223642
Fenway Health,10290,Mon Feb 12 2018 20:06:49 GMT+0100 (CET),73,Facebook,https://www.facebook.com/fenwayhealth/posts/10151022415364957
Basic Rights Oregon,101652,Wed Feb 14 2018 18:19:47 GMT+0100 (CET),68,Facebook,https://www.facebook.com/basicrights/posts/10156157368368988
AIDS United,29930,Mon Feb 12 2018 22:59:00 GMT+0100 (CET),62,Facebook,https://www.facebook.com/AIDSUnited/posts/1842274055785447
Politics,3680812,Tue Feb 13 2018 01:53:28 GMT+0100 (CET),60,Reddit,https://redd.it/7x5ltm
NYT Health,1183359,Mon Feb 12 2018 16:18:23 GMT+0100 (CET),59,Twitter,https://twitter.com/NYTHealth/status/963069782701551617
NYT Science,1155967,Sat Feb 17 2018 22:52:33 GMT+0100 (CET),55,Twitter,https://twitter.com/NYTScience/status/964980916518088705
LGBT: Licensed Group Bicycle Training,59026,Thu Feb 15 2018 16:56:06 GMT+0100 (CET),52,Reddit,https://redd.it/7xr99n
The Lesbian  Gay, Bisexual & Transgender Community Center,335778,Tue Feb 13 2018 22:24:32 GMT+0100 (CET),49,Facebook,https://www.facebook.com/lgbtcenternyc/posts/10156215854848970
NYT Health,1183359,Tue Feb 13 2018 05:09:37 GMT+0100 (CET),46,Twitter,https://twitter.com/NYTHealth/status/963263867752206338
Travis Mayfield,10166,Wed Feb 14 2018 14:08:55 GMT+0100 (CET),45,Facebook,https://www.facebook.com/TravisMayfieldTV/posts/1268160146616752
NYT Science,1156355,Mon Feb 12 2018 16:13:11 GMT+0100 (CET),44,Twitter,https://twitter.com/NYTScience/status/963068472979804161
Healthline: HIV Awareness,35721,Tue Feb 13 2018 04:26:01 GMT+0100 (CET),40,Facebook,https://www.facebook.com/TheNewFaceofHIV/posts/1442037789255685
André Picard,69766,Mon Feb 12 2018 19:14:45 GMT+0100 (CET),37,Twitter,https://twitter.com/picardonhealth/status/963114166822285314
NYT Health,1183359,Mon Feb 12 2018 19:28:06 GMT+0100 (CET),35,Twitter,https://twitter.com/NYTHealth/status/963117523028926465
NYT Science,1155967,Sun Feb 18 2018 10:42:21 GMT+0100 (CET),34,Twitter,https://twitter.com/NYTScience/status/965159542618251264
GLAD,39047,Mon Feb 12 2018 20:03:44 GMT+0100 (CET),28,Twitter,https://twitter.com/GLADLaw/status/963126490819911680
amfAR The Foundation for AIDS Research,73763,Thu Feb 22 2018 19:03:00 GMT+0100 (CET),27,Facebook,https://www.facebook.com/amfarthefoundationforaidsresearch/posts/10156569422108676
NYT Health,1183359,Tue Feb 13 2018 05:34:40 GMT+0100 (CET),26,Twitter,https://twitter.com/NYTHealth/status/963270173666013184
GAPIMNY—Empowering Queer & Trans Asian Pacific Islanders,2890,Mon Feb 12 2018 18:18:33 GMT+0100 (CET),26,Facebook,https://www.facebook.com/gapimny/posts/10155500133223737
NYT Health,1184465,Sun Feb 18 2018 12:21:50 GMT+0100 (CET),25,Twitter,https://twitter.com/NYTHealth/status/965184578095853569
NYT Science,1156275,Wed Feb 14 2018 09:15:04 GMT+0100 (CET),22,Twitter,https://twitter.com/NYTScience/status/963688024893779968
NYT Science,1156275,Tue Feb 13 2018 16:40:51 GMT+0100 (CET),21,Twitter,https://twitter.com/NYTScience/status/963437825000722432
NYT Health,1184465,Mon Feb 19 2018 01:39:26 GMT+0100 (CET),21,Twitter,https://twitter.com/NYTHealth/status/965385301215629313
HIV Equal,15754,Tue Feb 13 2018 23:18:26 GMT+0100 (CET),21,Facebook,https://www.facebook.com/hivequal/posts/1806704332696593
dr.erik.wolfswinkel,432,Tue Feb 13 2018 02:50:42 GMT+0100 (CET),20,Instagram,https://www.instagram.com/p/BfHnqOXHsDS/
San Francisco AIDS Foundation,40838,Fri Feb 16 2018 18:45:00 GMT+0100 (CET),20,Facebook,https://www.facebook.com/SFAIDSFoundation/posts/10159887278975696
NYT Science,1156355,Mon Feb 12 2018 18:30:23 GMT+0100 (CET),20,Twitter,https://twitter.com/NYTScience/status/963102999378882561
AIDS Foundation of Chicago,6223,Tue Feb 20 2018 00:00:00 GMT+0100 (CET),20,Facebook,https://www.facebook.com/aidschicago/posts/1886063694779805
Kind Clinic,4247,Fri Feb 16 2018 16:48:02 GMT+0100 (CET),19,Facebook,https://www.facebook.com/KindClinic/posts/348366375643689
MedPage Today,170379,Fri Feb 16 2018 23:01:35 GMT+0100 (CET),19,Facebook,https://www.facebook.com/MedPageToday/posts/10156249137248395
Richard Dien Winfield for Congress,0,Wed Feb 14 2018 15:21:20 GMT+0100 (CET),17,Facebook,https://www.facebook.com/winfieldforcongress/posts/328457584327901
Columbia Public Health,15882,Fri Feb 16 2018 14:15:00 GMT+0100 (CET),17,Facebook,https://www.facebook.com/ColumbiaPublicHealth/posts/1838326552864784
NYT Health,1183359,Mon Feb 12 2018 22:29:03 GMT+0100 (CET),16,Twitter,https://twitter.com/NYTHealth/status/963163060881055745
LGBT: Lesbian  Gay, Bisexual, Transgender.,193440,Mon Feb 12 2018 19:25:15 GMT+0100 (CET),15,Reddit,https://redd.it/7x2swf
Movement Advancement Project,4115,Wed Feb 14 2018 18:36:08 GMT+0100 (CET),14,Facebook,https://www.facebook.com/lgbtmap/posts/10155337684098193
Equality Florida,79993,Wed Feb 14 2018 04:30:00 GMT+0100 (CET),14,Facebook,https://www.facebook.com/equalityfl/posts/10160001336655346
(((Ron Lieber))),27362,Wed Feb 14 2018 18:55:59 GMT+0100 (CET),13,Twitter,https://twitter.com/ronlieber/status/963834220241149952
The Elizabeth Taylor AIDS Foundation,10222,Mon Feb 12 2018 19:43:18 GMT+0100 (CET),13,Facebook,https://www.facebook.com/ETAForg/posts/2083079058593179
Philippe Corbé,66303,Tue Feb 13 2018 15:11:49 GMT+0100 (CET),13,Twitter,https://twitter.com/PhilippeCorbe/status/963415415841021952
amfAR,43091,Thu Feb 22 2018 19:55:00 GMT+0100 (CET),12,Twitter,https://twitter.com/amfAR/status/966748174508548096
Linda Hill,11536,Mon Feb 12 2018 17:45:04 GMT+0100 (CET),12,Twitter,https://twitter.com/bulldoghill/status/963091597377396736
David Mack,41326,Wed Feb 14 2018 13:20:09 GMT+0100 (CET),12,Twitter,https://twitter.com/davidmackau/status/963749703937658880
GLAD,39312,Sat Mar 03 2018 23:05:06 GMT+0100 (CET),12,Twitter,https://twitter.com/GLADLaw/status/970057502950920193
National AIDS Memorial Grove,4930,Tue Feb 13 2018 18:47:35 GMT+0100 (CET),11,Facebook,https://www.facebook.com/nationalaidsmemorial/posts/10156095552518544
NYT Business,795322,Mon Feb 12 2018 17:24:46 GMT+0100 (CET),10,Twitter,https://twitter.com/nytimesbusiness/status/963086487809077249
Project Inform,3173,Mon Feb 12 2018 20:13:08 GMT+0100 (CET),10,Facebook,https://www.facebook.com/ProjectInform/posts/10156324518918120
Planned Parenthood of New York City Action Fund,16347,Tue Feb 13 2018 21:25:01 GMT+0100 (CET),10,Facebook,https://www.facebook.com/ppnycaction/posts/10156422938454903
American Academy of HIV Medicine,1674,Mon Feb 19 2018 15:48:00 GMT+0100 (CET),9,Facebook,https://www.facebook.com/aahivm/posts/10159924246395317
NYT Health,1183514,Tue Feb 13 2018 20:52:16 GMT+0100 (CET),9,Twitter,https://twitter.com/NYTHealth/status/963501093631164416
Adam Smith,18686,Tue Feb 13 2018 02:19:17 GMT+0100 (CET),8,Twitter,https://twitter.com/asmith83/status/963221002929999873
AIDS United,17435,Mon Feb 12 2018 20:14:03 GMT+0100 (CET),8,Twitter,https://twitter.com/AIDS_United/status/963129087517777920
Stephanie M. Lee,7854,Tue Feb 13 2018 19:24:16 GMT+0100 (CET),8,Twitter,https://twitter.com/stephaniemlee/status/963478947575906304
GLBTQ Legal Advocates & Defenders - GLAD,45376,Tue Feb 13 2018 21:16:51 GMT+0100 (CET),8,Facebook,https://www.facebook.com/GLADFans/posts/10157172032468642
OutSmart Magazine,12802,Tue Feb 13 2018 21:31:03 GMT+0100 (CET),8,Facebook,https://www.facebook.com/outsmartmagazine/posts/10156207073599669
The Sacramento LGBT Community Center,11575,Wed Feb 28 2018 00:30:06 GMT+0100 (CET),8,Facebook,https://www.facebook.com/SacLGBTcenter/posts/1618685671554253
AMA Journal of Ethics,6952,Tue Feb 13 2018 16:30:00 GMT+0100 (CET),8,Twitter,https://twitter.com/JournalofEthics/status/963435092587802626
GMHC,16705,Tue Feb 13 2018 14:30:09 GMT+0100 (CET),7,Twitter,https://twitter.com/GMHC/status/963404931750400001
healthcare: systems  costs, problems and proposed solutions.,11808,Tue Feb 13 2018 03:23:33 GMT+0100 (CET),7,Reddit,https://redd.it/7x65yz
Daniel Kraft  MD,41631,Mon Feb 12 2018 17:26:12 GMT+0100 (CET),7,Twitter,https://twitter.com/daniel_kraft/status/963086849316040704
GMHC,10593,Tue Feb 13 2018 14:30:15 GMT+0100 (CET),7,Facebook,https://www.facebook.com/GMHC446/posts/10156123840783839
NYT Health,1183514,Wed Feb 14 2018 07:55:50 GMT+0100 (CET),7,Twitter,https://twitter.com/NYTHealth/status/963668084426006529
NYT Business,795322,Mon Feb 12 2018 16:54:53 GMT+0100 (CET),6,Twitter,https://twitter.com/nytimesbusiness/status/963078966851571712
📢 PPNYC Action Fund,8508,Tue Feb 13 2018 21:27:02 GMT+0100 (CET),6,Twitter,https://twitter.com/PPNYCAction/status/963509844169887744
Erin Blakemore,11079,Wed Feb 14 2018 17:01:39 GMT+0100 (CET),6,Twitter,https://twitter.com/heroinebook/status/963805446678093824
Public health: In sickness and in health  no person or nation is an island.,11409,Tue Feb 13 2018 01:53:37 GMT+0100 (CET),6,Reddit,https://redd.it/7x5lux
UCSF Alliance Health Project,1544,Mon Feb 19 2018 17:16:00 GMT+0100 (CET),6,Facebook,https://www.facebook.com/AHP.SF/posts/1831631983527118
TONIC,16346,Tue Feb 13 2018 17:16:54 GMT+0100 (CET),6,Twitter,https://twitter.com/dailytonic/status/963446897464823810
Eliel Cruz,18632,Mon Feb 12 2018 23:44:11 GMT+0100 (CET),5,Twitter,https://twitter.com/elielcruz/status/963181968832761856
A Day with HIV,7116,Tue Feb 13 2018 07:43:02 GMT+0100 (CET),5,Twitter,https://twitter.com/A_Day_With_HIV/status/963302477318819840
NYT Health,1184273,Sat Feb 17 2018 22:32:56 GMT+0100 (CET),5,Twitter,https://twitter.com/NYTHealth/status/964975979146838016
Utah AIDS Foundation,2029,Tue Feb 13 2018 21:40:45 GMT+0100 (CET),5,Facebook,https://www.facebook.com/utahaidsfoundation/posts/1572818492796392
Alexandra Sifferlin,13748,Mon Feb 12 2018 16:20:44 GMT+0100 (CET),4,Twitter,https://twitter.com/acsifferlin/status/963070372735279110
Nolan Hicks,4113,Tue Feb 13 2018 13:53:09 GMT+0100 (CET),4,Twitter,https://twitter.com/ndhapple/status/963395619543973889
Jason Karlawish,1059,Wed Feb 14 2018 17:59:15 GMT+0100 (CET),4,Twitter,https://twitter.com/jasonkarlawish/status/963819939550433282
Margot Sanger-Katz,32668,Thu Feb 15 2018 15:21:12 GMT+0100 (CET),4,Twitter,https://twitter.com/sangerkatz/status/964142554831900674
The Rainbow Community Center Of Contra Costa County,4424,Sun Feb 18 2018 20:42:04 GMT+0100 (CET),4,Facebook,https://www.facebook.com/RainbowCommunityCenter/posts/10155494853799075
Travis Mayfield 🏳️‍🌈🤓,6414,Wed Feb 14 2018 14:13:29 GMT+0100 (CET),4,Twitter,https://twitter.com/TravisMayfield/status/963763124825243648
Abigail Higgins,1925,Tue Feb 13 2018 16:53:26 GMT+0100 (CET),3,Twitter,https://twitter.com/abbyhiggins/status/963440989728886785
GLAD,39057,Tue Feb 13 2018 20:59:52 GMT+0100 (CET),3,Twitter,https://twitter.com/GLADLaw/status/963503006942711814
NYT Business,795322,Mon Feb 12 2018 23:15:13 GMT+0100 (CET),3,Twitter,https://twitter.com/nytimesbusiness/status/963174681774837760
Positive Living BC,0,Fri Feb 16 2018 19:01:00 GMT+0100 (CET),3,Facebook,https://www.facebook.com/positivelivingbc/posts/1580693338652852
Justin Peligri,2219,Tue Feb 13 2018 19:12:41 GMT+0100 (CET),2,Twitter,https://twitter.com/JustinPeligri/status/963476032643895298
RiseUpToHIV,14926,Tue Feb 13 2018 21:00:09 GMT+0100 (CET),2,Twitter,https://twitter.com/RiseUpToHIV/status/963503076400345088
NYWomen's Foundation,6403,Tue Feb 13 2018 12:45:12 GMT+0100 (CET),2,Twitter,https://twitter.com/NYWomensFdn/status/963378518364164097
GHS,12942,Wed Feb 14 2018 21:24:08 GMT+0100 (CET),2,Twitter,https://twitter.com/GHS/status/963871501937270789
SF AIDS Foundation,7830,Fri Feb 16 2018 18:45:13 GMT+0100 (CET),2,Twitter,https://twitter.com/SFAIDSFound/status/964556285705322496
HIV Ireland,0,Wed Feb 14 2018 11:41:42 GMT+0100 (CET),2,Twitter,https://twitter.com/HIV_Ireland/status/963724929190547456
hilzoy,2211,Mon Feb 12 2018 21:56:03 GMT+0100 (CET),2,Twitter,https://twitter.com/hilzoy/status/963154756209295360
The Center,40216,Tue Feb 13 2018 22:24:32 GMT+0100 (CET),2,Twitter,https://twitter.com/LGBTCenterNYC/status/963524314690711552
Yoga Bear,26676,Mon Feb 12 2018 16:21:13 GMT+0100 (CET),1,Twitter,https://twitter.com/YogaBear/status/963070495695556608
NYT,5384,Mon Feb 12 2018 16:27:59 GMT+0100 (CET),1,Twitter,https://twitter.com/NYT/status/963072197538516992
Michael Beyer,1721,Mon Feb 12 2018 19:41:48 GMT+0100 (CET),1,Twitter,https://twitter.com/michbeyer/status/963120971287801856
AIDS Action,6226,Mon Feb 12 2018 20:06:05 GMT+0100 (CET),1,Twitter,https://twitter.com/aidsaction/status/963127084217438209
The New York Times,1221,Mon Feb 12 2018 16:28:25 GMT+0100 (CET),1,Reddit,https://redd.it/7x1gs5
Joel Winston,2838,Mon Feb 12 2018 23:10:40 GMT+0100 (CET),1,Twitter,https://twitter.com/joelwinston/status/963173533839974408
MrsKellyPierce,37832,Mon Feb 12 2018 23:17:08 GMT+0100 (CET),1,Twitter,https://twitter.com/MrsKellyPierce/status/963175161666179073
George J Huba PhD,137021,Tue Feb 13 2018 01:18:50 GMT+0100 (CET),1,Twitter,https://twitter.com/DrHubaEvaluator/status/963205788566159360
Susan Weiner  CFA,13193,Tue Feb 13 2018 03:17:53 GMT+0100 (CET),1,Twitter,https://twitter.com/susanweiner/status/963235750677549056
Andrew Green,4323,Tue Feb 13 2018 11:41:48 GMT+0100 (CET),1,Twitter,https://twitter.com/_andrew_green/status/963362564045451264
John Voelcker,12520,Tue Feb 13 2018 13:13:40 GMT+0100 (CET),1,Twitter,https://twitter.com/johnvoelcker/status/963385684554846209
Kathleen Hayden,602,Tue Feb 13 2018 14:10:43 GMT+0100 (CET),1,Twitter,https://twitter.com/kathleenhayden/status/963400040395018240
Deutsche AIDS-Hilfe,4388,Tue Feb 13 2018 14:42:14 GMT+0100 (CET),1,Twitter,https://twitter.com/Dt_AIDS_Hilfe/status/963407970938818560
WDAS-FM,18292,Tue Feb 13 2018 16:24:18 GMT+0100 (CET),1,Twitter,https://twitter.com/wdasfm/status/963433656160309249
AAHIVM,618,Mon Feb 19 2018 15:48:11 GMT+0100 (CET),1,Twitter,https://twitter.com/aahivmcomm/status/965598894334922752
Amanda,29022,Fri Mar 02 2018 02:30:12 GMT+0100 (CET),1,Twitter,https://twitter.com/FamilyMedRx/status/969384341741678592
Medical news,3091,Tue Feb 13 2018 13:00:34 GMT+0100 (CET),1,Reddit,https://redd.it/7x8wtw
Providr,293934,Wed Feb 14 2018 14:15:00 GMT+0100 (CET),1,Facebook,https://www.facebook.com/ProvidrInc/posts/2054797518175193
Alden March Bioethics Institute,0,Thu Feb 15 2018 16:35:02 GMT+0100 (CET),1,Facebook,https://www.facebook.com/ambioethics/posts/1943042595746071
JHU Berman Institute,6434,Mon Feb 12 2018 20:54:26 GMT+0100 (CET),1,Twitter,https://twitter.com/bermaninstitute/status/963139252832923649
Helen Haskell,4443,Mon Feb 12 2018 16:24:48 GMT+0100 (CET),0,Twitter,https://twitter.com/hhask/status/963071397420589056
I Love Public Health,1501,Mon Feb 12 2018 16:23:05 GMT+0100 (CET),0,Twitter,https://twitter.com/PublicHealthRTs/status/963070965935693824
Reed Johnson,272,Mon Feb 12 2018 16:20:33 GMT+0100 (CET),0,Twitter,https://twitter.com/writerjobsworld/status/963070324916064257
Andrew Villegas,2186,Mon Feb 12 2018 16:47:18 GMT+0100 (CET),0,Twitter,https://twitter.com/ReporterAndrew/status/963077057084297216
BMSG,2664,Mon Feb 12 2018 19:52:24 GMT+0100 (CET),0,Twitter,https://twitter.com/BMSG/status/963123641180393472
LGBT Door County,0,Sun Feb 18 2018 04:00:03 GMT+0100 (CET),0,Facebook,https://www.facebook.com/LGBTdoorcounty/posts/899489776877756
Project Inform,5699,Mon Feb 12 2018 20:13:08 GMT+0100 (CET),0,Twitter,https://twitter.com/ProjectInform/status/963128856277331968
madi alexander,3554,Mon Feb 12 2018 17:19:47 GMT+0100 (CET),0,Twitter,https://twitter.com/MadiLAlexander/status/963085234160971777
Kellie Scott,1699,Mon Feb 12 2018 20:54:02 GMT+0100 (CET),0,Twitter,https://twitter.com/kellie_scott/status/963139151913562112
KentBottles,12314,Mon Feb 12 2018 22:42:43 GMT+0100 (CET),0,Twitter,https://twitter.com/KentBottles/status/963166502722723840
Jorge Rivas,6673,Mon Feb 12 2018 22:54:28 GMT+0100 (CET),0,Twitter,https://twitter.com/thisisjorge/status/963169458100453376
Brad Levin for AG,670,Mon Feb 12 2018 23:00:07 GMT+0100 (CET),0,Twitter,https://twitter.com/levinforag/status/963170880535674880
tlcoles,530,Mon Feb 12 2018 23:10:11 GMT+0100 (CET),0,Twitter,https://twitter.com/tlcoles/status/963173415308922881
Timothy McBride,4975,Tue Feb 13 2018 01:06:31 GMT+0100 (CET),0,Twitter,https://twitter.com/mcbridetd/status/963202691404050433
Coral Garnick PSBJ,1239,Tue Feb 13 2018 17:06:32 GMT+0100 (CET),0,Twitter,https://twitter.com/CoralPSBJ/status/963444288615927808
Coral Garnick,1512,Tue Feb 13 2018 17:06:41 GMT+0100 (CET),0,Twitter,https://twitter.com/CoralGarnick/status/963444322241732608
⠓⠁⠉⠅⠑⠗,515,Tue Feb 13 2018 18:47:31 GMT+0100 (CET),0,Twitter,https://twitter.com/XioNYC/status/963469701677572096
Nat'l AIDS Memorial,2752,Tue Feb 13 2018 18:49:53 GMT+0100 (CET),0,Twitter,https://twitter.com/aids_memorial/status/963470295469207552
Aneri Pattani,1011,Tue Feb 13 2018 19:06:05 GMT+0100 (CET),0,Twitter,https://twitter.com/aneripattani/status/963474373045780483
Lisa Borden,1553,Wed Feb 14 2018 13:23:03 GMT+0100 (CET),0,Twitter,https://twitter.com/lisawborden/status/963750432194662401
I Love Public Health,1503,Wed Feb 14 2018 14:31:53 GMT+0100 (CET),0,Twitter,https://twitter.com/PublicHealthRTs/status/963767756654043137
Timothy McBride,4980,Wed Feb 14 2018 14:42:29 GMT+0100 (CET),0,Twitter,https://twitter.com/mcbridetd/status/963770424764051456
Nicole Friedman,7369,Wed Feb 14 2018 16:08:28 GMT+0100 (CET),0,Twitter,https://twitter.com/NicoleFriedman/status/963792060653490176
Frank Matt,2185,Wed Feb 14 2018 15:38:16 GMT+0100 (CET),0,Twitter,https://twitter.com/fxmatt4/status/963784462403276800
Sarah J. S.,407,Wed Feb 14 2018 18:22:44 GMT+0100 (CET),0,Twitter,https://twitter.com/s_james_s/status/963825850830475269
Nina Agrawal,759,Wed Feb 14 2018 20:59:24 GMT+0100 (CET),0,Twitter,https://twitter.com/AgrawalNina/status/963865277871030272
Joan Gralla,3584,Wed Feb 14 2018 22:41:57 GMT+0100 (CET),0,Twitter,https://twitter.com/JoanGralla/status/963891083561390082
James Thilman,707,Thu Feb 15 2018 01:56:21 GMT+0100 (CET),0,Twitter,https://twitter.com/JamesThilman/status/963940009148600321
Terri Coles,3410,Thu Feb 15 2018 03:06:55 GMT+0100 (CET),0,Twitter,https://twitter.com/terricoles_/status/963957767525429248
Jack Drescher,735,Thu Feb 15 2018 03:20:44 GMT+0100 (CET),0,Twitter,https://twitter.com/jackdreschermd/status/963961241193648128
Jeremy C.F. Lin 林辰峰,1890,Thu Feb 15 2018 04:30:22 GMT+0100 (CET),0,Twitter,https://twitter.com/Jeremy_CF_Lin/status/963978765905821697
Kamal Fizazi,4177,Thu Feb 15 2018 15:56:52 GMT+0100 (CET),0,Twitter,https://twitter.com/kamalfizazi/status/964151531384827904
GoGayDC,2437,Thu Feb 15 2018 15:36:03 GMT+0100 (CET),0,Twitter,https://twitter.com/GoGayDC/status/964146290786488321
ColumbiaPublicHealth,12129,Fri Feb 16 2018 00:05:10 GMT+0100 (CET),0,Twitter,https://twitter.com/ColumbiaMSPH/status/964274416480849920
Timothy McBride,4982,Fri Feb 16 2018 08:23:13 GMT+0100 (CET),0,Twitter,https://twitter.com/mcbridetd/status/964399751494909952
♕Gelar Satya Pradana,648,Fri Feb 16 2018 15:03:58 GMT+0100 (CET),0,Twitter,https://twitter.com/gelarspradana/status/964500604138741760
Andrew Ansel,189,Fri Feb 16 2018 16:50:58 GMT+0100 (CET),0,Twitter,https://twitter.com/AndrewAnsel/status/964527532937744384
GoGayDC,2435,Tue Feb 20 2018 00:01:31 GMT+0100 (CET),0,Twitter,https://twitter.com/GoGayDC/status/965723046194696192
Paul Brody,4707,Tue Feb 20 2018 14:16:00 GMT+0100 (CET),0,Twitter,https://twitter.com/pbrody/status/965938086025850880
Patricia Dudek,5572,Thu Feb 22 2018 11:00:51 GMT+0100 (CET),0,Twitter,https://twitter.com/PattiDudek/status/966613748751446017
Thomas Lu,0,Tue Feb 13 2018 22:49:39 GMT+0100 (CET),0,Twitter,https://twitter.com/thomasuylu/status/963530633065779200
HOPES,0,Fri Feb 16 2018 02:50:06 GMT+0100 (CET),0,Twitter,https://twitter.com/nnhopes/status/964315920809283585
jagannath,1185,Fri May 04 2018 12:23:07 GMT+0200 (CEST),0,Twitter,https://twitter.com/jagan520/status/992348891105259520
The Healthcare Foundation of New Jersey,217,Mon Feb 12 2018 17:49:52 GMT+0100 (CET),0,Facebook,https://www.facebook.com/215030401859695/posts/2008376599191724
QSanAntonio,1380,Tue Feb 13 2018 16:25:27 GMT+0100 (CET),0,Facebook,https://www.facebook.com/QSanAntonio/posts/1604035353018078
United Methodist Global AIDS Fund,1380,Wed Feb 14 2018 18:47:18 GMT+0100 (CET),0,Facebook,https://www.facebook.com/umcglobalaidsfund/posts/10156216274137650
Barbara Barry for State Senate,60,Tue Feb 20 2018 07:59:12 GMT+0100 (CET),0,Facebook,https://www.facebook.com/vote.barbara.barry/posts/795276417336691
LGBT Door County,0,Mon Feb 19 2018 04:00:15 GMT+0100 (CET),0,Facebook,https://www.facebook.com/LGBTdoorcounty/posts/900084660151601
Eric Bennett,1723,Mon Feb 12 2018 19:58:27 GMT+0100 (CET),0,Twitter,https://twitter.com/EricBennett2_0/status/963125162341171200
