Link: https://www.nytimes.com/2015/09/18/upshot/not-up-for-debate-the-science-behind-vaccination.html
Facebook Interactions,Facebook Reactions,Facebook Shares,Facebook Comments
4021,2073,459,1489,,

Source,Followers,Date,Interactions,Post Type,Link
The New York Times,9937445,Fri Sep 18 2015 17:25:08 GMT+0200 (CEST),32824,Facebook,https://www.facebook.com/nytimes/posts/10150667401474999
Nicholas Kristof,623932,Fri Sep 18 2015 20:02:48 GMT+0200 (CEST),7205,Facebook,https://www.facebook.com/kristof/posts/10153432839107891
The New York Times - Science,707338,Thu Sep 17 2015 20:15:15 GMT+0200 (CEST),3276,Facebook,https://www.facebook.com/nytimesscience/posts/924760340937326
Being Liberal,1267315,Fri Sep 18 2015 22:05:00 GMT+0200 (CEST),2680,Facebook,https://www.facebook.com/beingliberal.org/posts/10153231816586275
NYT Health,924050,Fri Mar 25 2016 21:18:28 GMT+0100 (CET),1470,Twitter,https://twitter.com/NYTHealth/status/713460058865156096
The Upshot,134134,Thu Sep 17 2015 20:00:06 GMT+0200 (CEST),1285,Twitter,https://twitter.com/UpshotNYT/status/644571543234871296
The New York Times,19682070,Mon Sep 21 2015 05:02:51 GMT+0200 (CEST),1176,Twitter,https://twitter.com/nytimes/status/645795297386496000
The New York Times,19624332,Sat Sep 19 2015 07:29:08 GMT+0200 (CEST),1103,Twitter,https://twitter.com/nytimes/status/645107335594164224
The New York Times,19624332,Fri Sep 18 2015 18:40:06 GMT+0200 (CEST),866,Twitter,https://twitter.com/nytimes/status/644913798441267202
The Upshot,134134,Thu Sep 17 2015 18:07:54 GMT+0200 (CEST),459,Twitter,https://twitter.com/UpshotNYT/status/644543309797527553
The New York Times - Well - Health,118000,Fri Sep 18 2015 13:01:00 GMT+0200 (CEST),450,Facebook,https://www.facebook.com/WellNYT/posts/874542769332754
The Thinking Moms' Revolution,0,Fri Sep 18 2015 18:17:26 GMT+0200 (CEST),336,Facebook,https://www.facebook.com/thinkingmomsrevolution/posts/768585866584789
Margot Sanger-Katz,10557,Tue Jan 10 2017 20:51:02 GMT+0100 (CET),306,Twitter,https://twitter.com/sangerkatz/status/818908024349847554
Todd Sampson,0,Sat Sep 19 2015 13:27:04 GMT+0200 (CEST),265,Facebook,https://www.facebook.com/todd.sampson.568/posts/974295429299836
Aaron E. Carroll,22144,Sat Mar 26 2016 13:56:07 GMT+0100 (CET),230,Twitter,https://twitter.com/aaronecarroll/status/713711127608176640
KQED Science,35539,Fri Sep 18 2015 18:00:13 GMT+0200 (CEST),206,Facebook,https://www.facebook.com/kqedscience/posts/10153607881263050
Aaron E. Carroll,27841,Thu Mar 16 2017 03:00:02 GMT+0100 (CET),199,Twitter,https://twitter.com/aaronecarroll/status/842193711404613632
Nicholas Kristof,1661328,Fri Sep 18 2015 20:00:43 GMT+0200 (CEST),157,Twitter,https://twitter.com/NickKristof/status/644934088374251520
The Upshot,134331,Sat Sep 19 2015 03:37:02 GMT+0200 (CEST),150,Twitter,https://twitter.com/UpshotNYT/status/645048922470264832
The Upshot,151263,Tue Jan 10 2017 20:53:05 GMT+0100 (CET),136,Facebook,https://www.facebook.com/upshot/posts/1834182730151864
Justin Wolfers,119384,Tue Jan 10 2017 21:09:08 GMT+0100 (CET),132,Twitter,https://twitter.com/JustinWolfers/status/818912579393351689
Colorado Department of Public Health and Environment,3232,Fri Sep 18 2015 23:04:25 GMT+0200 (CEST),126,Facebook,https://www.facebook.com/CDPHE/posts/961983273845367
Aaron E. Carroll,19538,Thu Sep 17 2015 17:57:03 GMT+0200 (CEST),126,Twitter,https://twitter.com/aaronecarroll/status/644540579867684864
The Upshot,120316,Thu Sep 17 2015 18:52:55 GMT+0200 (CEST),125,Facebook,https://www.facebook.com/upshot/posts/1652554924981313
Aaron E. Carroll,19538,Fri Sep 18 2015 03:44:30 GMT+0200 (CEST),107,Twitter,https://twitter.com/aaronecarroll/status/644688413971447808
Indiana University School of Medicine,0,Fri Sep 18 2015 04:07:07 GMT+0200 (CEST),106,Facebook,https://www.facebook.com/IUMedicine/posts/10154254955364237
The Upshot,187492,Wed Jan 11 2017 14:28:08 GMT+0100 (CET),101,Twitter,https://twitter.com/UpshotNYT/status/819174051478437891
Toni Monkovic,0,Thu Sep 17 2015 20:08:06 GMT+0200 (CEST),84,Twitter,https://twitter.com/MonkovicNYT/status/644573558228807682
NYT Health,888920,Thu Sep 17 2015 18:16:28 GMT+0200 (CEST),70,Twitter,https://twitter.com/NYTHealth/status/644545464235368449
skeptic,0,Fri Sep 18 2015 19:20:22 GMT+0200 (CEST),69,Reddit,https://redd.it/3lgf3s
NYT Science,754230,Thu Sep 17 2015 18:31:50 GMT+0200 (CEST),69,Twitter,https://twitter.com/NYTScience/status/644549332075708416
Aaron E. Carroll,19538,Thu Sep 17 2015 20:01:04 GMT+0200 (CEST),66,Twitter,https://twitter.com/aaronecarroll/status/644571786848391168
Toni Monkovic,0,Tue Jan 10 2017 20:36:23 GMT+0100 (CET),64,Twitter,https://twitter.com/MonkovicNYT/status/818904339867664384
The Upshot,134134,Fri Sep 18 2015 04:49:04 GMT+0200 (CEST),59,Twitter,https://twitter.com/UpshotNYT/status/644704664571801606
NYT Health,888920,Thu Sep 17 2015 18:35:27 GMT+0200 (CEST),58,Twitter,https://twitter.com/NYTHealth/status/644550243154022401
Jared Keller,23356,Fri Sep 18 2015 20:03:33 GMT+0200 (CEST),56,Twitter,https://twitter.com/jaredbkeller/status/644934798981623808
Vaccination Information Network (VINE),114617,Sat Sep 19 2015 03:06:01 GMT+0200 (CEST),56,Facebook,https://www.facebook.com/vaccinationinformationnetwork/posts/10154173643958998
Aaron E. Carroll,19579,Fri Sep 18 2015 13:55:52 GMT+0200 (CEST),48,Twitter,https://twitter.com/aaronecarroll/status/644842270441779200
André Picard,45709,Mon Mar 28 2016 13:46:01 GMT+0200 (CEST),44,Twitter,https://twitter.com/picardonhealth/status/714418263485235200
Justin Wolfers,85231,Thu Sep 17 2015 18:23:23 GMT+0200 (CEST),42,Twitter,https://twitter.com/JustinWolfers/status/644547205706199040
Aaron E. Carroll,22162,Sat Mar 26 2016 15:24:46 GMT+0100 (CET),38,Twitter,https://twitter.com/aaronecarroll/status/713733435098066944
Eduardo Porter,7930,Thu Sep 17 2015 18:54:46 GMT+0200 (CEST),38,Twitter,https://twitter.com/portereduardo/status/644555101399576578
Andrew Stroehlein,0,Sat Sep 19 2015 15:54:16 GMT+0200 (CEST),38,Twitter,https://twitter.com/astroehlein/status/645234455754481664
The Upshot,134503,Sun Sep 20 2015 16:48:06 GMT+0200 (CEST),37,Twitter,https://twitter.com/UpshotNYT/status/645610388525043712
Carolina Rosario,0,Fri Sep 18 2015 17:46:27 GMT+0200 (CEST),36,Facebook,https://www.facebook.com/carolinarosariooficial/posts/1031005983598182
The Upshot,135395,Sat Mar 26 2016 16:00:59 GMT+0100 (CET),35,Facebook,https://www.facebook.com/upshot/posts/1712931545610317
Aaron E. Carroll,19538,Thu Sep 17 2015 18:08:46 GMT+0200 (CEST),34,Twitter,https://twitter.com/aaronecarroll/status/644543526286553088
The Upshot,134331,Fri Sep 18 2015 14:18:06 GMT+0200 (CEST),34,Twitter,https://twitter.com/UpshotNYT/status/644847863596470272
The Upshot,134926,Thu Sep 24 2015 22:46:05 GMT+0200 (CEST),30,Twitter,https://twitter.com/UpshotNYT/status/647150031586373632
The Upshot,134134,Thu Sep 17 2015 21:45:07 GMT+0200 (CEST),27,Twitter,https://twitter.com/UpshotNYT/status/644597972899098625
The Upshot,134331,Fri Sep 18 2015 18:09:05 GMT+0200 (CEST),27,Twitter,https://twitter.com/UpshotNYT/status/644905993244176385
skeptic,100464,Wed Jan 11 2017 01:08:26 GMT+0100 (CET),27,Reddit,https://redd.it/5n8q4k
Medicine,0,Wed Sep 30 2015 14:15:01 GMT+0200 (CEST),26,Facebook,https://www.facebook.com/Dr.AKIKI/posts/10153274768953983
André Picard,39325,Fri Sep 18 2015 17:54:51 GMT+0200 (CEST),26,Twitter,https://twitter.com/picardonhealth/status/644902414521364480
Miguel Perales M.D.,5150,Tue Jan 10 2017 21:04:19 GMT+0100 (CET),25,Twitter,https://twitter.com/DrMiguelPerales/status/818911366987792386
Paula Froelich,0,Fri Sep 18 2015 23:42:59 GMT+0200 (CEST),24,Facebook,https://www.facebook.com/paula.froelich/posts/975897222449266
The Upshot,134134,Thu Sep 17 2015 19:14:05 GMT+0200 (CEST),22,Twitter,https://twitter.com/UpshotNYT/status/644559963180924928
The Upshot,134331,Fri Sep 18 2015 21:24:06 GMT+0200 (CEST),21,Twitter,https://twitter.com/UpshotNYT/status/644955070317133824
Stephen McGann,0,Thu Sep 17 2015 20:37:17 GMT+0200 (CEST),20,Twitter,https://twitter.com/StephenMcGann/status/644580903436595200
C. Michael Gibson MD,182867,Fri Sep 18 2015 09:13:58 GMT+0200 (CEST),20,Twitter,https://twitter.com/CMichaelGibson/status/644771329619660800
The Upshot,134331,Fri Sep 18 2015 15:35:04 GMT+0200 (CEST),17,Twitter,https://twitter.com/UpshotNYT/status/644867233672511488
Sarah Bloom NBC12,0,Fri Sep 18 2015 18:47:53 GMT+0200 (CEST),17,Facebook,https://www.facebook.com/SarahBloomNBC12/posts/1105532889476571
The Upshot,134448,Sat Sep 19 2015 19:34:03 GMT+0200 (CEST),15,Twitter,https://twitter.com/UpshotNYT/status/645289764711698432
Team Maureen Inc.,383,Fri Sep 18 2015 14:45:47 GMT+0200 (CEST),12,Facebook,https://www.facebook.com/teammaureenorg/posts/959723557420630
Philadelphia Department of Public Health,0,Mon Sep 21 2015 15:24:57 GMT+0200 (CEST),12,Facebook,https://www.facebook.com/phillyhealth/posts/921516421219534
Margot Sanger-Katz,5955,Thu Sep 17 2015 18:02:18 GMT+0200 (CEST),12,Twitter,https://twitter.com/sangerkatz/status/644541898498179072
Robert Centor,0,Wed Jan 11 2017 13:24:05 GMT+0100 (CET),11,Twitter,https://twitter.com/medrants/status/819157934156431360
julie rovner,0,Thu Sep 17 2015 21:09:07 GMT+0200 (CEST),10,Twitter,https://twitter.com/jrovner/status/644588913907077121
First Focus,24138,Sat Sep 19 2015 02:38:05 GMT+0200 (CEST),8,Twitter,https://twitter.com/First_Focus/status/645034087888121857
The Upshot,134581,Mon Sep 21 2015 21:24:07 GMT+0200 (CEST),8,Twitter,https://twitter.com/UpshotNYT/status/646042241430110211
Purple,0,Fri Sep 18 2015 23:19:18 GMT+0200 (CEST),8,Twitter,https://twitter.com/getprpl/status/644984063846141952
UW Public Health,8172,Thu Sep 17 2015 18:52:26 GMT+0200 (CEST),7,Twitter,https://twitter.com/uwsph/status/644554516067655680
Tara Culp-Ressler,0,Thu Sep 17 2015 18:03:41 GMT+0200 (CEST),7,Twitter,https://twitter.com/Tara_CR/status/644542246633775104
David Johnson,0,Thu Sep 17 2015 18:36:12 GMT+0200 (CEST),6,Twitter,https://twitter.com/dhjutsw1/status/644550429615849472
Barry Ritholtz,71985,Thu Sep 17 2015 20:22:02 GMT+0200 (CEST),6,Twitter,https://twitter.com/ritholtz/status/644577062750146560
Jane Sasseen,0,Thu Sep 17 2015 18:10:38 GMT+0200 (CEST),5,Twitter,https://twitter.com/janesasseen/status/644543998170923008
Annette Lawless,0,Sat Sep 19 2015 08:23:43 GMT+0200 (CEST),5,Facebook,https://www.facebook.com/AnnetteLawless/posts/1008434732511085
Paul Knox #MedicareForAll,2000,Sat Sep 19 2015 12:47:28 GMT+0200 (CEST),5,Twitter,https://twitter.com/popsknox/status/645187446012026880
Hasbro Children Hosp,0,Wed Sep 23 2015 20:19:05 GMT+0200 (CEST),4,Twitter,https://twitter.com/HasbroChildrens/status/646750649695105024
Washtenaw County Health Department,756,Mon Sep 21 2015 17:11:47 GMT+0200 (CEST),4,Facebook,https://www.facebook.com/wcpublichealth/posts/10153594931448529
BKelly,1139,Sat Sep 19 2015 15:05:40 GMT+0200 (CEST),3,Twitter,https://twitter.com/TeamsterNYC/status/645222222727135232
Nathan A. Pennell MD  PhD,0,Thu Sep 17 2015 18:43:00 GMT+0200 (CEST),3,Twitter,https://twitter.com/n8pennell/status/644552142762713088
CDPHE,0,Sat Sep 19 2015 01:51:19 GMT+0200 (CEST),3,Twitter,https://twitter.com/CDPHE/status/645022317853061124
Cheryl Wischhover,0,Fri Sep 18 2015 17:29:34 GMT+0200 (CEST),3,Twitter,https://twitter.com/CherylAnneNY/status/644896048289304576
Antonio Wolff,0,Tue Jan 10 2017 21:33:24 GMT+0100 (CET),3,Twitter,https://twitter.com/awolff/status/818918687075930112
NYT National News,60387,Thu Sep 17 2015 18:53:28 GMT+0200 (CEST),3,Twitter,https://twitter.com/NYTNational/status/644554776353619968
Dr Michelle Copeland,0,Thu Sep 17 2015 20:26:29 GMT+0200 (CEST),2,Twitter,https://twitter.com/drmcopeland/status/644578185137508352
Henry Fountain,2876,Thu Sep 17 2015 19:05:19 GMT+0200 (CEST),2,Twitter,https://twitter.com/henryfountain/status/644557758826708992
Alex Howard,259880,Fri Sep 18 2015 15:52:50 GMT+0200 (CEST),2,Twitter,https://twitter.com/digiphile/status/644871704548876288
Puneet Kollipara,1375,Fri Sep 18 2015 20:04:12 GMT+0200 (CEST),2,Twitter,https://twitter.com/pkollipara/status/644934964849561600
Miguel Perales M.D.,0,Thu Sep 17 2015 19:28:50 GMT+0200 (CEST),2,Twitter,https://twitter.com/DrMiguelPerales/status/644563675534262272
Natalie Azar  MD,0,Tue Sep 22 2015 13:38:51 GMT+0200 (CEST),2,Twitter,https://twitter.com/DrNatalieTV/status/646287540593541121
Bonnie Rochman,4022,Thu Sep 17 2015 19:32:35 GMT+0200 (CEST),2,Twitter,https://twitter.com/brochman/status/644564619340611584
Carla Correa,6449,Tue Jan 10 2017 22:02:05 GMT+0100 (CET),2,Twitter,https://twitter.com/pinkgrammar/status/818925907041783808
Paige Blank,0,Fri Sep 18 2015 17:49:09 GMT+0200 (CEST),2,Twitter,https://twitter.com/PaigeBlank/status/644900976147566592
Dr. Maria Artunduaga,0,Mon Mar 28 2016 16:25:27 GMT+0200 (CEST),2,Twitter,https://twitter.com/martunduaga/status/714458386314571777
Colorado Department of Health Care Policy & Financing,244,Mon Sep 21 2015 16:28:41 GMT+0200 (CEST),2,Facebook,https://www.facebook.com/COHCPF/posts/614948321970679
Ted Mann,5597,Thu Sep 17 2015 18:36:22 GMT+0200 (CEST),2,Twitter,https://twitter.com/TMannWSJ/status/644550472989343745
AVAC,3750,Mon Sep 21 2015 23:26:20 GMT+0200 (CEST),1,Twitter,https://twitter.com/HIVpxresearch/status/646072996688474117
DenisPombriant,0,Fri Sep 18 2015 17:05:33 GMT+0200 (CEST),1,Twitter,https://twitter.com/DenisPombriant/status/644890003743477761
Chris Amico,0,Fri Sep 18 2015 02:26:56 GMT+0200 (CEST),1,Twitter,https://twitter.com/eyeseast/status/644668895769591808
Paul Mooney 慕亦仁,0,Wed Jan 11 2017 21:16:33 GMT+0100 (CET),1,Twitter,https://twitter.com/pjmooney/status/819276835280171012
Frank Aquila,0,Wed Jan 11 2017 13:13:56 GMT+0100 (CET),1,Twitter,https://twitter.com/FAquila/status/819155380219613185
Meredith,0,Thu Sep 17 2015 20:52:40 GMT+0200 (CEST),1,Twitter,https://twitter.com/sugarmags3/status/644584775047622656
Jennifer Heitz,0,Fri Sep 18 2015 19:53:07 GMT+0200 (CEST),1,Twitter,https://twitter.com/Jenn_Heitz/status/644932174546911233
Health:Curated,218,Sat Sep 19 2015 04:17:10 GMT+0200 (CEST),1,Facebook,https://www.facebook.com/198221253680027/posts/500825796752903
Wisconsin Conservative Union,0,Fri Sep 18 2015 03:43:07 GMT+0200 (CEST),1,Facebook,https://www.facebook.com/groups/422045981267372/permalink/561740267297942
Alden March Bioethics Institute,0,Fri Sep 18 2015 19:58:50 GMT+0200 (CEST),1,Facebook,https://www.facebook.com/ambioethics/posts/1132287433488262
Jenson Wong,0,Tue Sep 22 2015 08:11:12 GMT+0200 (CEST),0,Twitter,https://twitter.com/jensonw74/status/646205081986007040
Sarah Goldin,175,Thu Sep 17 2015 19:03:18 GMT+0200 (CEST),0,Twitter,https://twitter.com/DrSarahGoldin/status/644557252389654528
Jeff Benabio  MD MBA,27046,Thu Sep 17 2015 20:50:20 GMT+0200 (CEST),0,Twitter,https://twitter.com/Dermdoc/status/644584186557399040
Scott Henady  MSTCM,2843,Thu Sep 17 2015 21:17:13 GMT+0200 (CEST),0,Twitter,https://twitter.com/forbodyandmind/status/644590953609740289
Matthew Richard,687,Fri Sep 18 2015 14:39:55 GMT+0200 (CEST),0,Twitter,https://twitter.com/LiUNA_CIO/status/644853356788359168
John Bussey,3369,Mon Sep 21 2015 05:25:27 GMT+0200 (CEST),0,Twitter,https://twitter.com/johncbussey/status/645800984061571072
kendra lee,689,Mon Sep 21 2015 07:31:55 GMT+0200 (CEST),0,Twitter,https://twitter.com/kendraedits/status/645832807932108800
Janine Zacharia,1865,Mon Sep 21 2015 18:52:16 GMT+0200 (CEST),0,Twitter,https://twitter.com/janinezacharia/status/646004023716216833
Health in Myanmar,0,Mon Sep 21 2015 22:36:38 GMT+0200 (CEST),0,Twitter,https://twitter.com/himmoderator/status/646060487382290432
Health in Myanmar,0,Thu Sep 17 2015 20:43:35 GMT+0200 (CEST),0,Twitter,https://twitter.com/himmoderator/status/644582489462296576
PhilanTopic,0,Fri Sep 18 2015 00:30:18 GMT+0200 (CEST),0,Twitter,https://twitter.com/pndblog/status/644639543065464832
#BlackLivesMatter,0,Wed Sep 23 2015 18:55:40 GMT+0200 (CEST),0,Twitter,https://twitter.com/kaylynuke/status/646729658692603904
Gina Masullo Chen,0,Sun Sep 20 2015 02:30:42 GMT+0200 (CEST),0,Twitter,https://twitter.com/GinaMChen/status/645394618322808832
Alison Kodjak,0,Fri Sep 18 2015 15:59:21 GMT+0200 (CEST),0,Twitter,https://twitter.com/alikodjakNPR/status/644873345335492608
ti,0,Sat Sep 19 2015 00:20:32 GMT+0200 (CEST),0,Twitter,https://twitter.com/TiMikkel/status/644999470879387648
Grace Rubenstein,0,Fri Sep 18 2015 20:49:23 GMT+0200 (CEST),0,Twitter,https://twitter.com/GraceRubie/status/644946333736894464
Dennis 🇺🇸🇮🇪🇨🇦,2054,Thu Sep 17 2015 20:32:26 GMT+0200 (CEST),0,Twitter,https://twitter.com/DennisMNews/status/644579681845538816
WCCHealth District,362,Thu Aug 18 2016 22:40:30 GMT+0200 (CEST),0,Twitter,https://twitter.com/WCCHlthDist/status/766374232993439744
Matthew Richard,827,Wed Jan 11 2017 15:10:36 GMT+0100 (CET),0,Twitter,https://twitter.com/LiUNA_CIO/status/819184740762845185
nancy mindes,4708,Thu Jan 12 2017 07:20:52 GMT+0100 (CET),0,Twitter,https://twitter.com/fancynancysays/status/819428917975150594
Samantha Jiménez,0,Fri Sep 18 2015 17:50:54 GMT+0200 (CEST),0,Twitter,https://twitter.com/PetiteSam/status/644901416516120576
Sheila Musaji,0,Fri Sep 18 2015 18:41:41 GMT+0200 (CEST),0,Twitter,https://twitter.com/SheilaMusaji/status/644914197558489090
Carolyn Pointer,0,Sun Sep 20 2015 16:26:06 GMT+0200 (CEST),0,Twitter,https://twitter.com/CarolynAPointer/status/645604853650055168
Sandy Lopez,0,Fri Sep 18 2015 22:47:24 GMT+0200 (CEST),0,Twitter,https://twitter.com/JournalismSandy/status/644976035671355392
Nadine Housri,0,Fri Sep 18 2015 00:38:55 GMT+0200 (CEST),0,Twitter,https://twitter.com/nadinehousri/status/644641710795001856
Rupen Shah,0,Tue Sep 22 2015 11:14:10 GMT+0200 (CEST),0,Twitter,https://twitter.com/RupenShahMD/status/646251130754867200
Penny Andreopoulou,0,Fri Sep 18 2015 04:15:58 GMT+0200 (CEST),0,Twitter,https://twitter.com/PennyAndreop/status/644696332020678656
Brian Capell  MD PhD,0,Fri Sep 18 2015 23:12:29 GMT+0200 (CEST),0,Twitter,https://twitter.com/briancapell/status/644982349118238720
Dana Stern,0,Sun Sep 20 2015 03:44:05 GMT+0200 (CEST),0,Twitter,https://twitter.com/DrDanaBeauty/status/645413084803239936
Margherita Fronte,0,Fri Sep 18 2015 18:48:47 GMT+0200 (CEST),0,Twitter,https://twitter.com/mafronte/status/644915983413415936
Progressive Voices,3483,Sun Sep 20 2015 18:26:01 GMT+0200 (CEST),0,Facebook,https://www.facebook.com/Progressivevoices/posts/924033800996585
Williamson County and Cities Health District,565,Thu Aug 18 2016 22:40:29 GMT+0200 (CEST),0,Facebook,https://www.facebook.com/WCCHD/posts/1072847592798422
